{"cameraMode":{"drawMode":0,"name":"Shaded","section":"Shading Mode"},"sceneLighting":true,"audioPlay":false,"sceneViewState":{"m_AlwaysRefresh":false,"showFog":true,"showSkybox":true,"showFlares":true,"showImageEffects":true,"showParticleSystems":true,"showVisualEffectGraphs":true,"m_FxEnabled":true},"in2DMode":false,"pivot":{"x":-3.083956241607666,"y":4.781085014343262,"z":5.427450180053711},"rotation":{"x":-0.07783033698797226,"y":0.10061587393283844,"z":-0.007895292714238167,"w":-0.9918452501296997},"size":14.134291648864746,"orthographic":false}